{
  "svm_threshold": 0.44999999999999984,
  "rf_threshold": 0.5599999999999997
}