{
  "svm_threshold": 0.4199999999999998,
  "rf_threshold": 0.45999999999999985
}